name,gender,race
barjraj,m,indian
ramdin verma,m,indian
sharat chandran,m,indian
birender mandal,m,indian
amit,m,indian
kushal,m,indian
kasid,m,indian
shiv prakash,m,indian
vikram singh,m,indian
sanjay,m,indian
abhi,m,indian
ram dutt gupta,m,indian
khadak singh,m,indian
gurmit singh,m,indian
chanderpal,m,indian
aman,m,indian
khursid,m,indian
rajeev,m,indian
durgesh,m,indian
nahar singh,m,indian
ram kumar,m,indian
sunder paal,m,indian
maansingh aswal,m,indian
rohit,m,indian
rohit,m,indian
sparsh,m,indian
santosh,m,indian
santosh,m,indian
punit khandelwal,m,indian
dinesh,m,indian
gulshan,m,indian
arvind kumar yadav,m,indian
nausad,m,indian
gurmit singh,m,indian
md. afsar,m,indian
shiv shakti singh,m,indian
moti lal,m,indian
kausal kumar,m,indian
rohit,m,indian
rohit,m,indian
mohabbat ali,m,indian
raj kumar,m,indian
jaswant singh,m,indian
sevak R pitambar lal,m,indian
chotelal,m,indian
amit,m,indian
rupesh,m,indian
midda,m,indian
dharam singh,m,indian
manoj yadav R manoj,m,indian
ram singh,m,indian
preetam kumar,m,indian
ram kumar,m,indian
sarain,m,indian
pankaj kumar,m,indian
sheak shakir,m,indian
riyasat ali,m,indian
vinit katariya,m,indian
sumit,m,indian
arindra,m,indian
kali charan,m,indian
badshya khan,m,indian
vikash,m,indian
devinder chadda,m,indian
aman,m,indian
mohan singh,m,indian
hemant,m,indian
shivam,m,indian
yash mittal,m,indian
aakash,m,indian
chandesh,m,indian
sumit mitra,m,indian
supriyal sen,m,indian
gajender singh R goldy,m,indian
pooran chand sharma,m,indian
irfan,m,indian
azaruddin,m,indian
mukul yadav,m,indian
pooran chand sharma,m,indian
manoj,m,indian
sanjay charee,m,indian
raja babu,m,indian
pawan,m,indian
sandeep,m,indian
rajkumar chawla,m,indian
parvesh,m,indian
mohd ataullah,m,indian
neeraj kumar,m,indian
jamil khan,m,indian
yogita,m,indian
rijul aggarwal,m,indian
mohd shakib,m,indian
rahul kumar,m,indian
rajender,m,indian
suraj,m,indian
rizwan,m,indian
sandeep,m,indian
md mustafa,m,indian
har parsad,m,indian
deepak,m,indian
rahul,m,indian
abhishekh,m,indian
shelender yadav,m,indian
sanjay,m,indian
ankit,m,indian
mohd aakib,m,indian
surender singh chauhan,m,indian
amit,m,indian
arjun,m,indian
rahul sharma,m,indian
keshar ansari,m,indian
raju R chhotu,m,indian
kuldeep singh,m,indian
santlalRgolu,m,indian
lalit rana,m,indian
pulkit sharma,m,indian
aman soni R badal,m,indian
jahoor ahmed meer,m,indian
sumit,m,indian
tammanne,m,indian
kailash kumar,m,indian
bhagwati prasad,m,indian
ajay,m,indian
silender,m,indian
deepak,m,indian
akhilesh,m,indian
dipendra kumar,m,indian
nitin,m,indian
doodhnath pandit,m,indian
aslam allam,m,indian
rahul,m,indian
jitender kumar,m,indian
adnan,m,indian
vijay,m,indian
yogesh,m,indian
kabir,m,indian
sarvesh,m,indian
rakesh sarkar,m,indian
akash gupta,m,indian
rahul,m,indian
pintu thakur,m,indian
vivek,m,indian
mohd khairul,m,indian
farmaan khan,m,indian
vansu dev,m,indian
vansu dev,m,indian
shyam kumar,m,indian
shafibul,m,indian
lalit kathuriya,m,indian
pooran chand,m,indian
aamir hussain,m,indian
kamal jit singh,m,indian
shiv kumar,m,indian
mayank chaudhary R rahul,m,indian
rohit,m,indian
som dutt,m,indian
bablu regar,m,indian
rohit,m,indian
rajkumar,m,indian
mubarik,m,indian
niraj,m,indian
sarbjeet R ronak,m,indian
axat,m,indian
amit,m,indian
anubhav shrivastab,m,indian
akkash,m,indian
himanshu,m,indian
harsh dagar,m,indian
anil kumar,m,indian
vijay virmani,m,indian
vivek auhari,m,indian
sachin,m,indian
subhash chand bhatia,m,indian
bhupender,m,indian
raghunandan das,m,indian
sanjay,m,indian
ajay kumar,m,indian
yognder,m,indian
subhash,m,indian
arun R vicky,m,indian
rahul,m,indian
vikas,m,indian
vinod,m,indian
salman,m,indian
mohan kumar,m,indian
sandeep meghawal,m,indian
imamudeen,m,indian
sandeep kumar,m,indian
tarjan,m,indian
kuldeep singh,m,indian
murari,m,indian
ramvilash,m,indian
jagdish,m,indian
vishal R moni,m,indian
mohd shahid,m,indian
ramvilash,m,indian
kuldeep,m,indian
talim,m,indian
nanku prasad,m,indian
bhola sarkar,m,indian
balraj,m,indian
ravindra kumar,m,indian
rohit kumar,m,indian
uttam kumar R sanki,m,indian
babalu sen,m,indian
rustam shah,m,indian
sukhdev,m,indian
b vikjay kumar,m,indian
dolly R rekha w/o monto shah,m,indian
gopal sharma,m,indian
beeru,m,indian
vipin,m,indian
manish garg,m,indian
guddu,m,indian
jatin R sonu,m,indian
amit kumar,m,indian
amit kumar,m,indian
shadab,m,indian
rakesh,m,indian
guddu,m,indian
abhishek,m,indian
gulfam,m,indian
phoolwati R phoolo devi,m,indian
mohit maan,m,indian
veer bhan singh,m,indian
dinesh kumar,m,indian
amarjeet,m,indian
satyadev,m,indian
mohd. mukhtaar,m,indian
rishi,m,indian
esrail khan,m,indian
suresh kumar,m,indian
pankaj chand,m,indian
ajay narayan,m,indian
mohit R himanshu,m,indian
sumit,m,indian
saddam,m,indian
nikhleshwar bhagat,m,indian
jai singh,m,indian
deepak,m,indian
sunil kumar,m,indian
ram kishan,m,indian
arun,m,indian
virender,m,indian
bishun,m,indian
pritam singh,m,indian
akash gupta,m,indian
kishan,m,indian
mohd kausar,m,indian
sachin,m,indian
harman singh,m,indian
deepak,m,indian
rajbir,m,indian
vinod lal,m,indian
Bhuvan,m,indian
chander shaker,m,indian
krishan,m,indian
ram ji,m,indian
jony,m,indian
mohammad ali,m,indian
ashok kumar s/o,m,indian
ravinder R bacchi,m,indian
amit,m,indian
guman singh basyal,m,indian
amardeep,m,indian
jagdish,m,indian
bharat,m,indian
azaz,m,indian
raja kumar,m,indian
parveen,m,indian
mahabir prasad,m,indian
kartik R kaku,m,indian
shubham yadav,m,indian
yogesh,m,indian
madan,m,indian
rashid,m,indian
jitender,m,indian
pawan kumar,m,indian
vivek,m,indian
pintu kumar,m,indian
deep,m,indian
dharmbir,m,indian
rishi kakdia,m,indian
kunal R kannu,m,indian
arman ansari,m,indian
avinsh,m,indian
karan,m,indian
sandeep kumar,m,indian
sagar,m,indian
nikhil,m,indian
raman,m,indian
sujen manjhi,m,indian
abhijeet,m,indian
anshu,m,indian
sahil,m,indian
aditya som,m,indian
gaurav,m,indian
raja kumar,m,indian
sunil,m,indian
Bhuvan,m,indian
